{
    "tauhb0": 7.281832969454621,
    "taum0": 954.6008632536661,
    "taugs0": 507.3396379706498,
    "tauT0": 1.524402851423556,
    "Cmin": 0.7100072348285161,
    "Smax": 0.32834324568846457,
    "Smin": 0.2776757237754002,
    "Cm": 7.942664673186055,
    "Cgs": 83.5439376984484, 
    "Ugsmax": 14.345008690500462,
    "dE0": 4.2612069024487775,
    "kgsmin": 0.642136004601884,
    "chihb": 2.8879300795385023,
    "chia": 3.16147168241185,
    "xc": 27.063002098377623
}